{
  "structures": [
    {
      "structure": "sgjourney:stargate_pedestal/stargate_pedestal",
      "weight": 1
    },
    {
      "structure": "sgjourney:stargate_pedestal/stargate_pedestal_badlands",
      "weight": 1
    },
    {
      "structure": "sgjourney:stargate_pedestal/stargate_pedestal_desert",
      "weight": 1
    },
    {
      "structure": "sgjourney:stargate_pedestal/stargate_pedestal_jungle",
      "weight": 1
    },
    {
      "structure": "sgjourney:stargate_pedestal/stargate_pedestal_mushroom",
      "weight": 1
    },
    {
      "structure": "sgjourney:stargate_pedestal/stargate_pedestal_snow",
      "weight": 1
    },
    {
      "structure": "sgjourney:stargate_pedestal/stargate_pedestal_chulak",
      "weight": 1
    }
  ],
  "placement": {
     "salt": 1646217471,

    "spacing": 80,

    "separation": 64,

    "type": "minecraft:random_spread"
  }
}