{
  "type": "sgjourney:common_stargate",

  "start_pool": "sgjourney:stargate_pedestal/stargate_pedestal_badlands",

  "size": 1,

  "max_distance_from_center": 80,

  "biomes": "#sgjourney:has_structure/stargate_pedestal/stargate_pedestal_badlands_biomes",

  "step": "strongholds",

  "start_height": {
    "absolute": 0
  },

  "project_start_to_heightmap": "OCEAN_FLOOR_WG",

  "use_expansion_hack": false,

  "spawn_overrides": {
    "monster": {
      "bounding_box": "piece",
      "spawns": [
        
      ]
    }
  },
  "terrain_adaptation": "beard_thin"
}